table_name,rows,unique_applicants,overlapping_train_applicants,coverage_of_table_applicants
bureau,1716428,305811,263491,0.8616138726206709
previous_application,1670214,338857,291057,0.8589375459264528
pos_cash_balance,10001358,337252,289444,0.8582425011564053
installments_payments,13605401,339587,291643,0.8588167391566816
credit_card_balance,3840312,103558,86905,0.8391915641476274
